reviewId,userName,score,thumbsUpCount,reviewCreatedVersion,time,processed_text,sentiment
2868af95-a5c9-4370-ad4f-2a2fd8f1bd22,Munna Tiger,5,0,6.5-1.123769152.release,2023-04-26 16:06:48,I like it,0.3612
8260c2f5-62b2-4acb-8095-773e5b635643,Steven Young,1,1,2023.04.02.523594694.Release,2023-04-25 22:53:52,"Fix your damn update!!!! There was nothing wrong with this app, now no notifications. Time to find another app",-0.5445
c259be3d-75fb-436c-bb69-0fd1c8317bb9,Gelo,1,0,2023.04.02.523594694.Release,2023-04-25 04:48:42,Not receiving notifications.,0.0
eb87bcf9-f071-4422-9bf9-8433698b29e5,Andrew Klekner,5,0,2023.04.02.523594694.Release,2023-04-24 09:18:44,Awesome email service ..very efficient,0.7845
1af67fcf-a8c4-4050-b532-6287af95c590,Jack,5,0,2019.11.21.283644823.release,2023-04-23 15:32:34,Nice,0.4215
2ead5bee-04b1-4ea9-a644-a8c2a322e126,Mike Asanga,5,0,2021.03.21.366143478.Release,2023-04-22 18:18:50,Amazing,0.5859
ab6c2f0e-fa66-4765-a187-5fe5e2470bb5,Antonio Garcia,1,0,2023.04.02.523594694.Release,2023-04-21 23:19:53,Won't open or allow me to purchase items,-0.1695
8b14198e-7aaa-4f68-a3f4-79b74113c524,Chelsey,5,0,2022.03.06.435481167.Release,2023-04-21 06:32:03,Get platform easy to utilize,0.4404
ccd8d8b7-c185-491c-ac2f-69c8bc2f3e5f,Kenneth Gustafson,5,0,2023.03.20.520474286.Release,2023-04-20 14:16:45,So cool üòéüëç,0.3804
1fe1dc69-ea68-4af9-94d3-3fc2118d851f,Sun KAI,1,2,2023.04.02.523594694.Release,2023-04-20 03:11:24,"GMail need a remake the app became so bad last two years ,bad UI and useless features with no improvement on what GMAIL one of the best .",-0.7771
6ab54017-04d2-40c1-b4d0-47ded3ed4039,Akilan Akil,5,0,8.10.21.220187835.release,2023-04-19 08:31:39,Good,0.4404
0612bb63-6862-4530-87f2-ac301555c49f,Puttu Singh Yadav,4,0,2023.03.20.520474286.Release,2023-04-18 14:49:17,Niceone please .üëåüëçüëç,0.3182
8ec9bb5c-f6fe-45b2-8ce1-d4e44439a82f,mdsohel rana,4,0,2023.03.05.518353126.Release,2023-04-17 20:17:18,Good,0.4404
4cd14eaf-58b2-485b-98a9-0f210bf68618,George ‚ÄúLordzatan‚Äù Baguio,5,0,2023.03.05.518353126.Release,2023-04-17 02:30:13,Nice,0.4215
83a6959c-c3eb-418f-b257-78bf314b87b6,Umme Katija,5,0,,2023-04-16 06:28:43,Hi body i m hear,0.0
308fd82e-4528-44d1-847f-1da963806a7c,Buyondo Haruna,5,0,2023.03.20.520474286.Release,2023-04-15 12:40:58,A class above the ordinary,0.0
fb8a9f1a-fa96-4897-b99e-914b73fcd51f,james donnie ergar,5,0,2023.03.05.518353126.Release,2023-04-14 21:20:08,Very good,0.4927
87af4274-ef22-43b8-851a-0676ba61c692,Kgbdh Dhxhdi,5,0,2022.02.06.429391580.Release,2023-04-14 03:42:24,Habhad made it,0.0
38a8d062-6d6b-4702-b4a4-d8a4221182d2,Md Tannver,4,0,5.7.105901136.release,2023-04-13 07:46:52,Etc,0.0
b842635c-8079-4659-9da0-f46aab790a83,Dany Srey,5,0,2021.10.03.404390235.Release,2023-04-12 14:50:47,I like it,0.3612
5bf20f81-c0e4-4f64-bfde-7eb2f5a7d417,Arindam Podder,5,0,2023.03.05.518353126.Release,2023-04-11 18:20:52,Need delete option in Trailing mail. Or if there is any option for the same kindly let me know.,0.4939
ba1acf35-5963-4cb7-b4e3-6e344f60db7e,Della Goth,5,0,2023.03.05.518353126.Release,2023-04-11 01:09:34,Open,0.0
72247e82-bd5c-4242-aa71-60e5a3b24d17,Gokul Krishna K,1,1,2023.03.05.518353126.Release,2023-04-10 07:20:56,Synchronisation error getting... Any issues are there.... Sync doesn't happening,-0.4019
84b88ecc-74b5-4118-95bf-c6f798c94d81,Joe Mangcu,5,0,7.4.23.154506495.release,2023-04-09 11:02:42,J.,0.0
08e46547-951f-4570-9260-8a219fdbff92,kelvine Nash,5,0,7.8.13.166937981.release,2023-04-08 16:33:35,niceüòò,0.0
8e237e38-0ccb-496b-9666-93118c91384a,Eddy lee Eddy lee,5,0,6.11.6.140557227.release,2023-04-07 22:36:33,Terbaik,0.0
f0c15557-2692-41fd-b16c-9236b81edbe9,AUDZ VALENZUELA DOG TRAINER,5,0,2023.03.05.518353126.Release,2023-04-07 06:30:56,convinient,0.0
6fc2476b-2675-491c-8176-cb0945a2c780,Mohammed Showkat,5,0,2023.03.05.518353126.Release,2023-04-06 12:52:02,Love one,0.6369
825279ba-2d37-44ac-818e-98fa4b2d13e5,Aminullah Official,5,0,2023.03.05.518353126.Release,2023-04-05 19:38:30,Ok,0.296
02902ea4-4ca5-4d33-9592-09870ab27f7a,Toni Reacentsurface,1,0,2023.02.19.514578027.Release,2023-04-05 02:15:18,This App is a pain in Butt If u do not remember your Email Password or Space it wrong us a hypens in stead of having a period then your screwed with out an organism.Ya become as dry as Pop corn FART .Get a serious Migaraincwhy you even get brain damage from The Wycliffe cousin A register serial rapist named Chris Parker Peter parkers boyfriend.and lover.True statement they just got married last week.,-0.9584
59ddcb9a-27ae-42b9-8506-15ff1429b716,lehlogonolo mosola,1,0,2023.03.05.518353126.Release,2023-04-04 06:10:32,I can't open anything on my inbox,0.0
be930824-92d7-4b7f-94d1-35c7b03f61b0,Satender Prashad,1,0,2023.03.05.518353126.Release,2023-04-03 12:04:32,Nice,0.4215
c98d7589-7e21-424e-a0ea-c09622d41c20,Promise Paul,4,0,2023.01.22.509649758.Release,2023-04-02 16:33:34,Good app I would advise you download it,0.4404
46c804de-0152-4668-96db-e0c0c887033a,Adenike Johnson,5,0,8.2.11.186835846.release,2023-04-01 20:00:09,Great,0.6249
ed156ab1-bde1-43e6-b2a2-94322a925f1e,Hauwa'u Saliha Alhassan,3,0,2019.10.20.278647676.release,2023-04-01 05:45:04,When I send masseges through this app it shows queued and gets stock in drafts. Please fix the problem. Thank you.,0.2732
1e732022-b756-44c7-adf1-34e52fca18c7,Jayanranathunga,5,1,2023.03.05.518353126.Release,2023-03-31 11:40:08,Really This is an easy & excellent app. Thanks for everything Gmail Team. God bless U All.,0.9246
44ee987a-deae-4362-a65f-af4e488a300e,Riva Khaeen,1,0,8.2.11.186835846.release,2023-03-30 17:16:59,Rayi,0.0
7800bc74-8fc2-4997-81f2-4609a7d097aa,Dikesh Maharjan,1,0,2023.03.05.518353126.Release,2023-03-30 03:04:48,I have tried everything and enabled every single options but the notification is not working. Every time I have to open app and refresh it to view my mail.,0.0
2afe0b23-1a13-4df9-bece-e2fdcaf2ab71,emmanuel ifeanyi,1,0,2020.03.15.302138189.release,2023-03-29 09:44:42,Very much good,0.4902
e9396f8b-5149-445f-83c1-fa4af15468e2,saikiran saikiran,5,0,2019.10.20.278647676.release,2023-03-28 16:48:44,saikrisain.,0.0
10fa6370-abf9-4982-9b21-288ff838b754,Ali Asgar,5,0,2023.02.19.514578027.Release,2023-03-28 04:35:11,good üëç app ‚ò∫Ô∏è,0.4404
ff35f2b2-c132-4309-a764-6024670f0b4a,Tafseerul Quran BD Pirijpur TV,5,0,2023.02.19.514578027.Release,2023-03-27 12:15:14,' nice,0.4215
a20302c9-8134-4429-8dd7-6321b7a58a63,Success Illuminati,3,0,2022.05.01.449051655.Release,2023-03-26 13:09:18,Typing errors noted. Uninstall hot games browser apps as they do not go update all emails ids passwords . i b in touch.,-0.34
4dec4de1-0df0-45bb-bcfc-7008288e0439,Sai Rishi,5,0,2023.02.19.514578027.Release,2023-03-25 15:43:32,Its better to use,0.4404
16d40128-60fd-4804-b0e2-567c50f2cd03,Robin Landis,5,0,2023.02.19.514578027.Release,2023-03-24 23:04:41,Love everything about Gmail!! No problems.,0.2225
e55d1ed0-d5b4-4932-baa8-24f0722610f0,Noli Alpabete,5,0,2022.11.13.490644112.Release,2023-03-24 05:14:01,Wena,0.0
d3f28b01-75b0-4f44-a0dd-5b1084c7edcd,Paulus Wardoyo,5,0,2023.02.19.514578027.Release,2023-03-23 12:35:51,It's OK,0.4466
830fd087-2688-4270-a6a7-657678822ad5,Tom Marchitelli,3,0,2023.02.19.514578027.Release,2023-03-22 17:25:37,Last 2 days everytime I open my mail all the emails in my inbox are mysteriously in the trash!! I never deleted them! Plus all my folders are emptied into trash as well! Idk what the hell is happening!!,-0.7762
d2910e40-c3a0-49b9-8cf5-973136edd8fd,Lakhan Ravidas,5,0,5.7.105901136.release,2023-03-22 00:00:46,Loki I,0.0
8f1a44e5-adc1-4354-a750-ba2df04c899b,Micai DABUET,5,0,2023.02.19.514578027.Release,2023-03-21 07:58:55,Good job,0.4404
b24e8d26-49d6-493f-b583-8a6e73337a4c,Orlando Brown,1,5,2023.02.19.514578027.Release,2023-03-20 12:51:29,"If you have a samsung or apple phone just use the mail app built in. Gmail ads is horrible you can't select all mail and then delete, you have to go one by one to delete. I use my Samsung mail it's way better and you can't create email folders on the Gmail app, if you can it ain't easy to do. I use my Samsung mail app, just WAY BETTER!",-0.1227
7b4fb26e-bb43-4474-8815-8815a9977aff,manjot khalsa,5,0,8.2.11.186835846.release,2023-03-19 15:13:06,Good,0.4404
866855b8-6b6c-4478-b6c1-407c104ae238,Sazali Yatiman,5,0,2022.08.07.469547715.Release,2023-03-18 20:26:43,"""An official website of the United States government Here is how you know NIH National Library of Medicine NCBI PubChem Search PubChemMenu PATENT SUMMARY Process for purifying adiponitrile Cite Download Patent US-4147717-A Inventor KERSHAW BERNARD J (CA) Assignee DU PONT CANADA (CA) Country United States Dates Priority: 1975/08/26 Grant: 1979/04/03 Description This web page summarizes information in PubChem about patent US-4147717-A. This includes chemicals mentioned, as reported by PubChem",0.7964
b31b925a-1fc1-49d0-bce2-dbce0d97ada7,masud apon,5,0,2022.12.25.498226572.Release,2023-03-18 04:34:55,pfg,0.0
b685fab4-673b-4eec-96e9-94ca2d340c99,Md Aslam,5,0,2023.02.19.514578027.Release,2023-03-17 09:23:50,Very good app,0.4927
c442ff0b-1970-45e6-9b4b-83774382ee55,Ankit Bose,1,0,2023.02.19.514578027.Release,2023-03-16 14:23:58,"My Gmail not working, No Option for update showing in play store, please resolve this issues.. Priority basis.",0.8013
a97c2e57-eb58-45f1-a9a3-2c69aed0de95,Piries Machokwende,5,0,7.11.26.179049568.release,2023-03-15 20:26:21,Good,0.4404
0d4abc9e-88f4-467a-a486-751ec940a74d,Greg Monk,1,0,2021.01.24.356386247.Release,2023-03-15 05:33:11,Data thieves. Data logging and selling and piss poor security on their email and services available using it. Google is the number one source of spam I receive yet they offer no convenient way to help stop it. I guess that would lessen the data the collect...,-0.8625
d7e0b191-a176-47c1-88ad-c8fc4bf7f138,Henry Chukwurah,5,0,2021.01.24.356386247.Release,2023-03-14 12:27:48,Cool,0.3182
7c4e8491-6f0e-497e-8097-6a086189e432,Bernard Akpan,4,0,2022.07.24.464902190.Release,2023-03-13 20:25:21,Great,0.6249
4d4e268d-1fd8-42c0-9e21-79222a7b5054,Lala ji Solanki,5,0,2023.02.19.514578027.Release,2023-03-13 08:49:17,‡™≤‡™æ‡™≤‡™æ‡™ú‡´Ä ‡™†‡™æ‡™ï‡´ã‡™∞123,0.0
8e203332-b349-482f-ac1b-a2141f48e859,Ashenafi Andarsa,5,0,2022.03.06.435481167.Release,2023-03-12 13:20:49,Good,0.4404
13bf046c-8079-41dd-8b89-4811a5c178e3,Raja Singh,5,0,2023.02.19.514578027.Release,2023-03-11 22:08:33,Nice app,0.4215
78cdf93c-2ecc-4a26-a03f-792819bfb4d6,Ikram Hussain,1,0,9.2.3.235065705.release,2023-03-11 06:18:53,Nice,0.4215
309ee15c-105d-4b85-8654-714694e7def0,rohit singh,1,0,2023.02.05.512982913.Release,2023-03-10 14:31:08,"Very tough with more than one account It is very difficult to use as compared to other apps available in the market In a way, it is not used for anything other than the advertisement of other companies by advertising mails.",-0.5553
d7ffeb43-d568-417b-a8bf-2e9e76f14813,Rajveer Singh thakur,5,0,2019.09.01.268168002.release,2023-03-10 01:05:13,So nice,0.4754
1472157d-b939-4667-9b92-0f74b0a0093a,Nyasha Mabika,4,1,2019.10.20.278647676.release,2023-03-09 11:36:39,quite workable with,0.0
1a4e8d6e-37a2-405a-bf9c-e4c159ccb7d5,Moon Bhatti,5,2,2023.02.05.512982913.Release,2023-03-08 17:02:35,That most easy and most useful for every user that's why it is always stying top,0.8012
87e2364e-edbd-410b-8261-abab954b1652,Kristin B,5,0,2023.02.05.512982913.Release,2023-03-08 00:58:46,All my emails in one. Works great üìß,0.6249
90d12ecf-a9c8-4a88-a6b0-6a21759e93dc,Priyanshu saini,5,0,8.10.21.220187835.release,2023-03-07 06:47:14,Kailash ma,0.0
a90f6214-e90b-435a-867a-c1fcb3fc7766,Chand Butt,5,0,2023.02.05.512982913.Release,2023-03-06 13:33:35,Chandbutt,0.0
efc6a3d5-a935-4aa0-9f43-179b40c20833,Fatima Nawab,5,2,2023.02.05.512982913.Release,2023-03-05 19:33:50,Nice app,0.4215
60a97b87-9ea3-4617-879c-458e72eed147,Thys Kritzinger,1,232,2023.02.05.512982913.Release,2023-03-05 05:03:59,There is something seriously wrong with the syncing of this app. I have a S22 Ultra and this app does not notify me when a new email comes through. I have tried outlook and that works perfectly. I have tried everything to get it to work. Will be sticking to outlook for now. Please fix this.,0.4019
936c80b3-40b6-42e6-99db-d41861504fb7,Pravin Koli,5,0,2023.01.08.501398065.Release,2023-03-04 14:27:37,Parvin koli,0.0
1164c913-5ad1-4801-ba49-ffe2aaa2f102,Joan Banglod,3,0,2023.02.05.512982913.Release,2023-03-03 22:03:39,"Can you please make us remove all of the necessary emails, I cannot send a email if the storage is full",0.3182
ab2f657d-3c7a-4955-a367-75b5aceea276,Md Safiqul Islam Shaik,5,0,8.10.21.220187835.release,2023-03-03 08:32:31,Excellent,0.5719
854c5a89-1ad9-4a7f-a229-913ab9c027b3,King ‚ÄúSaSsin‚Äù Howie,5,0,2023.01.22.509649758.Release,2023-03-02 14:41:16,Love Gmail,0.6369
250bc94b-07e7-46a1-bb06-d6571af2894b,CARMEL MENSAH,2,0,2022.12.25.498226572.Release,2023-03-01 21:24:59,Is the most secured app ever,0.4576
b795ef51-74d1-488d-bbc4-74276fd05d1b,Anoj Rajak,4,0,2023.01.22.509649758.Release,2023-03-01 07:05:37,9p0 pp 9 lol oo0 loo oooool,0.4215
6bb796a2-9fb1-45c8-b0db-8d4f7a4ca3c6,Lucas Dkhar,5,0,2023.01.08.506205950.Release,2023-02-28 12:22:29,Good app,0.4404
91d19b63-416b-412e-ae98-46d3ecad5fba,Md Tufan,5,0,2023.01.22.509649758.Release,2023-02-27 16:53:47,Give,0.0
45532108-002f-4b69-acc6-23e0ee4e295f,Amit Kumar,5,0,2023.01.22.509649758.Release,2023-02-26 22:37:57,Very good this application.,0.4927
44db8d07-24fe-459d-b624-efa21df5d4b8,Sangami Sangami,5,0,8.10.21.220187835.release,2023-02-26 03:08:59,Super,0.5994
397bc310-7e35-45a1-8a92-2a894827c182,Azad Kumar,5,0,2022.09.18.479203120.Release,2023-02-25 08:20:04,It is too good aap but it's downloads was 10+billion but the world has only 8 billion people,0.2382
027ae9f3-2980-41c4-8cf1-3742ab90ab52,Karim King,1,0,6.9.133109232.release,2023-02-24 13:46:50,Good to afford,0.4404
41f34ac7-0c0e-4a08-bd79-e277141a0544,Kattie Turley,4,0,2023.01.22.509649758.Release,2023-02-23 21:43:09,Love it all,0.6369
ac5ece52-d5ef-45e6-8528-77ca0466408c,Maria linda Blanco,5,0,2022.04.03.443250466.Release,2023-02-23 06:53:10,Why i can't install gmail,0.0
61697000-3210-47a7-a514-0fdc5f4a8c2d,Gary Jarman,3,0,2023.01.22.509649758.Release,2023-02-22 18:46:25,Poor for Hotmail. Can't get Hotmail emails. Won't sync. Only happened last few days. Need help!!!!,-0.6449
659dd5da-d4ff-46d6-bc5d-244d722ede74,Peter Bowley,1,0,2022.09.18.479203120.Release,2023-02-22 10:22:11,"Since update on 14th feb no new emails are being recieved, lastbemail recieved was 20th feb. App is horrible roll back changes and all emsils are lost",-0.7906
702448b0-59bb-4c38-ba5f-5c9ded96556b,Zalph Ernie,1,0,2023.01.08.501398065.Release,2023-02-21 18:48:55,"It's very disheartening that I would comment this here. On 14th of this month my main account was hacked and I tried reaching out to google till now I haven't gotten any positive response. I won't advice anyone to back up their data on google or trust google anymore because I have lost all my documents, contacts and access to my finances because all means of reaching google has proven abortive. the most annoying part is you can't even intract with humans as robots has taken over",-0.797
a72c30bb-939f-4d5b-b515-7b9fb78fa128,Sumathe Ponnampalam,5,0,2023.01.22.509649758.Release,2023-02-21 06:45:28,üëç,0.0
17849bc7-3cc9-4a2f-ba8c-d05a73820013,Mark Stonecipher,5,0,2023.01.08.501398065.Release,2023-02-20 14:02:50,Exceptional Service,0.0
b32a85be-4e80-424d-a94e-63e05533b5e6,4U2 Motors 4u,5,0,2023.01.22.509649758.Release,2023-02-19 21:05:53,Good very Nice,0.7178
ab66b695-566d-4cf3-b58f-72d4e95e2876,–ò–Ω–∞—Ç –®–∞–∫–∏–¥–∞–µ–≤,5,0,2023.01.22.509649758.Release,2023-02-19 06:24:35,Right here,0.0
6fb48bd6-14b6-4567-b274-87e7d54c7fdc,SOMIR BRO SOMIR BRO,5,0,2023.01.08.501398065.Release,2023-02-18 13:21:41,5 Star üåü,0.0
e0ff26f2-687d-44e0-ad20-190d0a957f91,Cindy Bignell,5,0,6.11.6.140557227.release,2023-02-17 18:59:23,Very pleased with this app i get my messages right away cindy,0.4927
8493c883-b6dc-444c-99ba-08255675f897,SHUBHAM SINGH GAMING,5,0,2023.01.08.506205950.Release,2023-02-17 07:31:51,Best mailing app.,0.6369
4224c756-4a1d-41fc-a835-c54233b22b9b,Jimmyngyambeng Jimmybeng,5,0,2022.10.02.482844008.Release,2023-02-16 14:43:50,Ues,0.0
89e9f7f8-6646-44ad-a606-4fb906cbf44a,Lamia Been,5,0,2023.01.08.501398065.Release,2023-02-15 21:19:37,Nice app,0.4215
25c4a5c3-9f2f-4c08-b177-0543a74410c1,ArViNd KuMAr,1,0,2023.01.08.501398065.Release,2023-02-15 08:02:10,My Gmail Account Password not reset by Google team poor work,-0.4767
2d5c9089-a385-4cc3-ac73-a6998feb6aff,Raymond Khoo,1,1,2023.01.08.501398065.Release,2023-02-14 14:40:47,Why does the notifications some times doesn't work? Some times I restart my phone several times and it doesn't even fix the issue. This is bad because I expect some important emails and I don't know I received them because the notifications doesn't work!,-0.4574
b0cbd104-b4da-483f-9ca1-c485b5ac5aa6,BALFSON,5,1,2023.01.08.501398065.Release,2023-02-13 18:34:44,It flexible to use But if I want to delete 7000 messages I need to mark one by one instead of marking all Please developer kindly update the app so we can delete messages by marking all,0.7717
eca99494-9f89-4417-a707-6667fc030842,tobias michael,4,0,2023.01.08.501398065.Release,2023-02-13 00:57:16,It delivers better than other apps.,0.4404
cd177a3a-38b9-445b-a134-87bac84c8064,swadhin tarai,5,0,2022.12.25.498226572.Release,2023-02-12 07:55:39,tg,0.0
305c320a-ae13-40df-956f-b22ce2f07637,Toby Gower,4,0,2022.08.21.473115440.Release,2023-02-11 14:25:08,I like this app. - it is a good help!!,0.8264
88197d17-9b59-4f0b-9afd-b7aaf3480f08,Nicole R,4,0,2023.01.08.501398065.Release,2023-02-10 22:37:28,Hacked,-0.4019
b5b61a5e-8590-42ad-a52a-6aab0d4b178e,Merie Dale,1,3,2023.01.08.501398065.Release,2023-02-10 09:36:04,"Worst mobile email to use. Every time I send a new email with attachments, its always places my emails in Queued. I then have to into the email and forward it, for it to eventually send successfully. Worst experience ever since having Gmail.",-0.5994
fa1d87cc-9d9e-48e6-85a7-f2c55a60712d,LORD Chimppo BOROTBOROT,4,0,2023.01.08.501398065.Release,2023-02-09 15:52:17,"The PAYMENT IN OTHER BALANCE FEEDBACK. DONT SIDE., DONT DELAY. GUY DOCTOR ELECTRIC. GADDF",-0.4648
09a7d3b0-78a0-4f9a-a01d-68c71e93e44c,Miguel Dejesusdelacruz,5,0,2023.01.08.501398065.Release,2023-02-09 01:12:22,Gmail great received this is much that be on your alarm on every day in the morning beautiful this is so much guys.,0.765
444a1ccb-d58b-4380-8bb2-05fd16970890,MEHUL PARMAR,5,0,2020.09.06.332325283.Release,2023-02-08 09:58:40,Kkk,0.0
a8803b5c-df23-4960-b9df-1c56945d2674,Shahid Salmani,4,0,2020.05.31.316831277.release,2023-02-07 15:25:42,Good app,0.4404
ef46394d-5fe1-42f4-94c0-a938ecb94da8,Rani Alfaqeh,5,0,4.9 (1271612),2023-02-06 23:26:09,Good,0.4404
ceb28525-ec54-44a0-b0e5-04d107f92219,Md Nual,5,0,2019.11.03.280318276.release,2023-02-06 05:11:56,‡¶∏‡¶æ‡¶π‡¶æ‡¶¶‡¶æ‡¶§,0.0
52ee3ec6-d484-4360-86c0-615c9c4235ea,Iniobong Etefia,5,0,7.2.12.147797444.release,2023-02-05 10:26:00,Wonderful,0.5719
88172eb6-1b6b-4f11-80b2-3e68856e8c93,Dinesh,5,0,7.11.26.179049568.release,2023-02-04 16:27:45,Nithin,0.0
0ddc21de-d877-429e-acfa-95eeacc33abb,Chathura Sampath,5,0,2022.12.11.496974447.Release,2023-02-04 01:25:05,Sll,0.0
fd7b37c7-00c9-48b1-9c13-40f0a39584dc,Jay Ram,4,0,2019.06.09.254811277.release,2023-02-03 10:30:41,Very excellent,0.6115
f74854dc-8df2-4660-89d3-0518ba4037a1,Mohamed Rashid Ibraimo,5,1,2022.12.25.498226572.Release,2023-02-02 16:43:02,Excellent Looks great job Thanks,0.8934
e88881ff-4fd7-45cd-a831-40a39724e06b,Barbara Bolton (Looski),3,0,2022.12.25.498226572.Release,2023-02-02 05:24:51,"I can't find how to sign into my email, I am in an endless loop. Thanks for your reply, will follow your link.",0.4404
06a524fe-c288-42f9-a265-254fae712c70,Wajahat Ali,4,0,2022.12.25.498226572.Release,2023-02-01 14:41:16,For last couple of weeks i am getting mails little bit late... It looks that there is some time delay,-0.3182
285cb6d6-2fa7-46e9-9aa0-1ff788448443,Auwalu M sani,5,0,2020.05.31.316831277.release,2023-01-31 20:40:39,I enjoy the apps notwhithstanding some time is giving small trouble,0.4404
02d9c88d-dfc6-4db9-bed2-8926a177cf60,leng Wan,5,0,6.11.6.140557227.release,2023-01-31 05:23:15,Good,0.4404
9b0e8d92-b14d-4649-a0fb-fe62bbc0f66b,Christopher Sareno,5,0,2022.11.13.490644112.Release,2023-01-30 12:05:32,Excellent,0.5719
0790d00a-b474-4a6e-b97d-e6caad14a2f0,Jivan Parmar,5,0,2022.11.13.490644112.Release,2023-01-29 16:41:02,Helli,0.0
e2588965-8fe9-42aa-a623-b5cc75ad043c,Helen Morilla,5,0,2022.12.25.498226572.Release,2023-01-28 23:05:07,Good,0.4404
e266e20b-fee3-4947-880b-f5d79b3b0fe0,Joan March Pamolarcon,1,0,8.10.21.220187835.release,2023-01-28 05:50:46,i'm happy to be a part of your success thank so much,0.872
b92dcd80-59b2-4332-9cfb-d355884a75e3,Sandla Mguda,4,0,5.0.1 (1642443),2023-01-27 12:23:26,Good,0.4404
06b93c63-5aab-4fd5-a34e-1a0261781c6c,Donna Darbonne,3,0,2022.12.25.498226572.Release,2023-01-26 17:45:17,Can't read emails.,0.0
9622540c-9122-4620-bd06-d11ddc9d07ae,Tom Ringwood,2,2,2022.12.25.498226572.Release,2023-01-26 04:40:46,"Does the basics OK, until recently search function ceased working. Often have to open email in browser because unable to in app.",0.4466
cef5d9ac-d7da-4669-8c1d-1d9748111fa3,Joselito Malapo,4,0,2019.10.20.278647676.release,2023-01-25 12:30:58,Didn't compatible to download youtube,0.0
04791930-670f-4561-8b5e-b9052f773447,Susan Crown,5,0,2022.12.25.498226572.Release,2023-01-24 16:09:33,I love Gmail. Who doesn't?,0.6369
22c4f4a9-5e5a-4ed7-97e8-fdabb492515b,Onyambu rodgers,4,0,2020.05.31.316831277.release,2023-01-23 20:48:18,Excellent,0.5719
0546fd88-bfbc-4588-8cad-6947914416ba,Yousuf Khan,5,0,2022.12.25.498226572.Release,2023-01-23 03:27:23,Very good,0.4927
f87baa55-b5f4-47ee-b537-55c37f0097b7,Sonu Rai,3,0,2022.12.11.496974447.Release,2023-01-22 09:33:11,Hello sir I can't access my gmail account please help me.,0.6124
db7b7d3a-04b0-4477-a66e-53c8edcb8675,babul Roy,3,0,2022.12.25.498226572.Release,2023-01-21 15:39:38,All best,0.6369
061f70ea-0f2c-48a8-8e49-ed2441b39eb2,Nick Nick,1,1,2022.12.25.498226572.Release,2023-01-21 00:57:27,"2 step locked me out . I have my password, password to backup email. I've had my email since 2008. I've lost all my kids photos everything. Government accounts. For some reason google isn't recognizing the phone. It's the same EMI numbers everything so I don't understand.",-0.3182
3cb9e6e4-0d89-4964-9fe4-c51a96560693,Lillian Fisher,1,0,2022.12.25.498226572.Release,2023-01-20 11:22:46,I keep seeing that I have mail in my primare mailbox. When I go to check it. It says no mail. Why?,-0.296
340a7d43-a4f8-4f74-b91a-f1615b7a5862,Mark Griffiths,4,0,2022.12.11.496974447.Release,2023-01-19 19:17:27,"Delete from the notification menu would be great, more useful than archive.",0.807
d7b16a1a-50d7-46c1-9217-7544eca56a5d,SJA Jubreel,3,0,2020.10.18.339546910.Release,2023-01-19 04:39:44,"This is my first attempt on this app, I just made a design and I don't come across any issue,but because I just start that's why my stars doesn't reach 5 üòä While I move forward,my experience there will determine what exact and rate bye",-0.0191
446ca7aa-612e-498b-8990-dfa91b7f57a4,Richard Christiansen,5,0,2022.12.11.496974447.Release,2023-01-18 11:51:15,Great app,0.6249
771673d1-d033-410c-bd8d-11ae37b7413f,Jon Y,2,1,2022.12.11.496974447.Release,2023-01-17 16:34:50,Merging with chat made it worse. Regularly have to restart the app for chat to get updated even though messages are present in push notifications.,-0.4767
b11aa9b4-4563-4890-ba65-81223722ac82,meteos nabal e,1,0,2022.11.13.490644112.Release,2023-01-17 04:12:36,Hardly to use Gmail,0.0
f6801e2e-e8fe-4650-aa58-60555e6b191a,Josh Freeze,5,1,2022.12.11.496974447.Release,2023-01-16 11:17:34,I love it it's great.,0.8519
8d1f4dba-3b2d-42c9-8d0c-e2e85eb35db1,James V,5,0,,2023-01-15 17:39:09,I always have a hard time,-0.1027
a883136b-dd5b-496f-8b3a-2f3086cbcb41,Nikhil Kumar,5,0,2022.10.02.482844008.Release,2023-01-15 02:55:14,Op,0.0
033b3698-04ae-47b3-9893-5f632486d477,Nasir uddin Ahmed,1,0,2022.11.13.490644112.Release,2023-01-14 12:47:54,Op,0.0
c4b5824d-203e-43b8-ba9e-047c68ddb914,Alex Edu,5,0,8.10.21.220187835.release,2023-01-13 21:11:32,Great,0.6249
3c805c4f-f81e-4f4c-9ed7-437d54cb6d92,Patrick Carey,5,1,2022.11.13.490644112.Release,2023-01-13 08:25:29,This in the Goggle Play store app. In my basic use for this are better than going into the Apple Store to install. I'm very Happy with using Goggle Play Store.,0.8932
14ef2f6c-0ccf-40db-9049-54365cb6b359,Shahnawaz Khan,5,0,2021.11.28.415100679.Release,2023-01-12 17:04:26,MD shahnawaz,0.0
37d65754-7b14-44f3-a107-1dedd152adaf,Anwar Hossain raju,5,0,2022.11.13.490644112.Release,2023-01-12 06:05:29,Nice,0.4215
013156e9-1423-4923-ab89-e7f859ab44d9,A.C. MARIMUTHU,2,0,2022.11.13.490644112.Release,2023-01-11 14:19:43,Bad,-0.5423
9f8daae3-0b8f-4a9c-ae8d-35f4490bdc88,Eren Seflek,1,0,2022.11.13.490644112.Release,2023-01-10 21:29:37,Sikik,0.0
75b542a3-860f-483c-b6bf-e6a8d8253b31,sweta shaw,1,0,2022.11.13.490644112.Release,2023-01-10 05:59:48,I have deleted all my mails but still storage is showing full what should I do now I don't understand anything..,0.0
734451ea-d878-4579-a240-1902cd5430a3,mohammadeisa Mangal,5,0,2020.05.31.316831277.release,2023-01-09 12:05:32,Khanmangal,0.0
2dcfe014-4bff-4040-912d-fa3f8b4c8fe2,nam mohan,5,0,2022.11.13.490644112.Release,2023-01-08 17:35:25,It's won't ask for rating üòÇ,0.0
56c89ab6-e74e-4a6e-9749-0346db4f8852,Hendor Endico,5,0,2022.11.13.490644112.Release,2023-01-08 03:31:49,Nice,0.4215
c4971239-a811-4aa6-b5a0-f77bbf294637,Nuru Hussan,5,0,4.9 (1271612),2023-01-07 10:22:13,Nuru husne,0.0
c254faf3-45e9-431c-b282-6d38b333ed56,Benjie Sidaya,5,0,2022.08.07.469547715.Release,2023-01-06 17:35:04,Reliable. Simple. Precise.‚ù§,0.0
4eb6fff6-b058-44b7-af87-c34e7b5806ad,Starr Quinn,5,0,,2023-01-06 02:54:45,This Gmail app is good for receive in massage and I will always use it . so I personally would give it five star,0.4404
c839d1f0-182b-4571-a622-e64ae3c10438,Rahul dev,1,0,2022.11.13.490644112.Release,2023-01-05 11:11:49,"I'm unable to send a mail with attachment, many times i logout my email and login again but no improvement I'm suffering from this problem plz solved",-0.4215
6ebd1656-d853-4313-9081-2f33eea4c704,Syed Zaheda,5,0,2022.11.13.490644112.Release,2023-01-04 16:46:08,Nice,0.4215
fb0ac312-991a-451e-b055-dbbc75db9a59,axle prestin,5,0,2021.09.10.397347674.Release,2023-01-04 00:09:28,dreat abbd relible,0.0
9670aa96-5c20-4edd-8a0c-cc5fe26c41eb,PRINCE KUMAR,5,0,2022.11.13.490644112.Release,2023-01-03 09:11:55,Supper,0.0
a2042612-4f73-472b-b1e8-91a70e918be5,min min,5,0,2020.05.31.316831277.release,2023-01-02 14:47:48,good,0.4404
ae1c4ce1-d14b-48a5-9178-8a652a970978,Sherzai Ahmadzai,5,0,2020.11.29.346182102.Release,2023-01-01 19:38:33,Brilliant,0.5859
41ff0699-ca8f-4ad5-b5fe-c1802b6f4967,Sanjeev Arya,4,0,8.10.21.220187835.release,2023-01-01 00:31:07,Superb,0.6249
9074fbab-a890-4f85-97bd-3c1f4f8a3f66,Alka Singh,5,0,2020.05.31.316831277.release,2022-12-31 07:36:08,Nice aps,0.4215
186aaf6a-61e8-425f-adf3-a667bd1c104b,Heera Devi,5,0,8.10.21.220187835.release,2022-12-30 14:32:17,Sp,0.0
62faee57-3777-4bf5-95b4-112165e0bf13,Andres Mtz.,3,0,2022.11.13.490644112.Release,2022-12-29 21:35:38,Excellent email performance but Google reads your emails and their wokeness is bad for a free society,0.2617
bf094b1f-323a-4799-ab4f-436cc43ad7d2,david debolt,1,0,2022.05.28.455479493.Release,2022-12-29 06:05:49,"Im not much of an emailed, but im sure something is wrong with my app. Maybe set up wrong? Im not too sure, so lets do some inspection work?",-0.5803
e5ee72ba-7d88-4cf9-bcab-8cc745be4260,Dr Elijah,5,0,2022.08.21.473115440.Release,2022-12-28 13:17:57,Excellent,0.5719
cac648e7-1823-4674-9eb3-1cac6fb804f2,Anshul Mishra,4,3,2022.11.13.490644112.Release,2022-12-27 18:46:16,"Overall it's good, but I don't get it that how does it have 10b downloads. BTW, for reference world's current population is 8b.",0.2382
0f1eeb50-16b4-4216-bc8c-e030692b9e8c,Puja Yadav,5,0,2022.11.13.490644112.Release,2022-12-27 03:30:11,This app is Good but all Earth population is 8 billion people and this app downloads people are 10 Billion people what is this it means wrong,-0.4939
aa296440-1695-4a9d-9e36-e9adb2bec9e9,Akash Shuryabanshi ji,4,0,2020.11.15.344277575.Release,2022-12-26 08:52:27,All,0.0
277b7d9f-4e42-49f0-870f-1cc1df88f9a3,Cetherine Shabezu,5,0,8.10.21.220187835.release,2022-12-25 14:25:32,This is a very interesting app even though the Google server don't respond,0.4576
31542820-2099-4733-8991-f630c4b329ae,john ochaia,4,0,2022.01.09.423451891.Release,2022-12-24 23:24:39,V.good,0.0
1423f1a8-865b-48dd-b120-6ac57fb94bdb,Golam Mostofa,5,0,2022.11.13.490644112.Release,2022-12-24 07:25:08,Nice,0.4215
b46c0ccd-d97d-4906-add0-c2fa8b886077,Victor Oscar,5,0,2022.11.13.490644112.Release,2022-12-23 14:51:37,It's been a good experience so far.,0.4404
9bde9585-925a-4e0e-abaf-5a9cd6dafc20,Imtiaz Ahmad khan Khankhankhan,5,0,2022.11.13.490644112.Release,2022-12-23 00:18:16,Up,0.0
b535fa63-4795-4c42-a62f-3f00d6928da9,Hikmat Thapa,5,0,2022.11.13.490644112.Release,2022-12-22 11:42:46,How did this app get 10 billions bro world population is 8 billiom,0.0
f33c9489-322f-4481-91fd-f15cd85daa62,Olaoluwa Joseph,5,0,2022.06.26.459604605.Release,2022-12-21 19:52:55,Good,0.4404
6169921a-e486-41ac-b39e-6fa4225cf543,Suresh Suresh,5,0,5.0.1 (1642443),2022-12-21 09:25:53,The only way to,0.0
93bfdbb7-6273-44fd-a998-868abc8b0f5d,Hasnain Shahid,5,0,2022.11.13.490644112.Release,2022-12-20 17:42:34,Markeking,0.0
75ccdd35-9afc-4628-904c-b214033feb76,TANISH NEW BORTY,3,0,2022.11.13.490644112.Release,2022-12-20 09:03:06,The world population is 8B how it has 10B download,0.0
ec698536-62a3-4aad-8680-47308848cadb,Kevin Anderson,3,5,2022.11.13.490644112.Release,2022-12-19 17:34:30,"App fails to send any notifications for new emails until I've already opened the app to check manually. This is on the Pixel 7 Pro, no less.",-0.6124
ba541872-183c-4f67-a0e1-983c54ae09c6,Suborna Hasan,5,0,2021.07.25.389783595.Release,2022-12-19 07:22:35,Nice apps üëå,0.4215
e9b78e73-05c1-4fbf-b803-8cc3715ad5fd,salman Khan,5,0,2022.08.07.469547715.Release,2022-12-18 14:31:35,Pp,0.0
d2712b12-5651-4864-a3af-0b7bf49c9527,David Dermott,4,4,2022.10.16.486292356.Release,2022-12-18 01:43:27,"The app is fine by me. The main problem that I have is WHY does it sometimes take DAYS to update. Update is Pending, is Pending, is Pending, is Pending. Does get more than a little annoying. Before you say it, NO it's not the WiFi signal, speed, or connection. On all other apps it's fine.",-0.6911
e1a02218-a1be-40f3-8021-b7595a8688ea,Tullo Masanja,4,0,2022.11.13.490644112.Release,2022-12-17 09:23:44,Good,0.4404
03d101a6-c92d-43e0-ae35-b89717dc0e43,Hunter Gaming,1,0,2022.10.30.491445474.Release,2022-12-16 15:29:12,There aren't as much as people that live on earth than this app has been downloaded by. Aliens?,0.0
f97402b5-bb81-464c-92e8-54fcf7bb483a,Mian G,5,0,2019.10.20.278647676.release,2022-12-15 21:06:19,My facebook and crowm not working,0.0
f0eee897-18d7-4eb0-a717-db4a802c6e83,musingunzi francis,1,0,2022.11.13.490644112.Release,2022-12-15 08:36:17,Good appreciate,0.6808
63dd5916-f671-4c0b-bf98-981e51f61e11,Mohd Zeshan,1,0,2022.10.30.488439685.Release,2022-12-14 15:33:35,Your service is very bad üòûüòû,-0.5849
2b12c877-715d-4d04-a606-c47ecaa30576,Don Kleppinger,1,0,2022.11.13.490644112.Release,2022-12-13 23:39:20,Uses too much inter storage and can't use SD card,0.0
d87678d5-43ba-4f4e-bdfc-49a160c72730,Muwla Brother,5,0,4.9 (1271612),2022-12-13 09:35:40,hofj,0.0
60aa84a2-6153-4ab8-94c1-376662251dcb,MdSaharul Islamsagor,5,0,2022.04.17.446322006.Release,2022-12-12 15:59:04,Super app,0.5994
fc1f7ce6-a752-4b66-9326-a9a972e744ec,Robert,2,0,2022.10.30.488439685.Release,2022-12-11 23:54:33,No good,0.1779
094e6839-2b67-40f0-a78a-8b621a20f05f,Raju Agarwal,3,0,2022.10.30.488439685.Release,2022-12-11 07:28:51,‡§è‡§ï ‡§¨‡•Ä‡§µ‡•Äftn mm BB t‡§è‡§Æ‡§è‡§Æ‡§è‡§Æ ‡§∏‡•á ‡§è‡§Æ‡§è‡§Æ‡§è‡§Æ ‡§è‡§Æ‡§è‡§Æ ‡§ï‡•Ä‡§µ‡•Ä ‡§è‡§´‡§∏‡•Ä ‡§µ‡•Ä‡§∏‡•Ä ‡§µ‡•Ä‡§∏‡•Ä‡§ï‡•á‡§ï‡•á ‡§™‡•Ç ‡§®‡§æ‡§á‡§ü ‡§ú‡§¨l,0.0
412ca421-2c2c-4597-b896-2c2508873e55,Chaminda Karunasena,5,0,2022.10.30.488439685.Release,2022-12-10 15:49:05,Good experience,0.4404
c0000565-01c5-4d39-a37d-c3ed41db6d59,Dinesh Amgoth,1,0,2022.11.13.490644112.Release,2022-12-10 02:44:17,"Hey Google, you seriously need to double check your spam filtering algorithm. Why are my important mails are filtered as spam? I recently got a job interview mail which was in my spam folder.",-0.7506
